username,tz_address,twitter_handle
Karen Jerzyk,tz1cucRS2GNWrGdnW2y6hTP831bfrkk23E8o,
noper,tz1ViLKVHXYxy7UjYVKwWGXBytzNuzQyPKXV,https://x.com/bagdelete
,tz1R8kQK1CR59su3GYpPBFHxrBokNPYWaM42,
Mirjam,tz1efcNMdHxSrMPiSeLFrbdUQr8eWwWJmGnW,
Gregorio Zanardi,tz2QxyLWZKbKkzPkWKQ2aiQ2DMyBEQXJ56Rb,https://x.com/GregorioZanard
INA VARE,tz1RjEHLzE5rudtWyuK331cew3F9qqWz65jp,https://x.com/ina_vare
aurèce vettier,tz1KpzYgTTsE3xqiYbgDJcWmxLaNKD9MvXdb,
OMGiDRAWEDit,tz1biKU3xnysM6WXAYN9Qsp9siv8Ttz5f7UY,https://x.com/omgidrawedit
p.i.x.e.l.l.a.r.e.™,tz1Zb1AnYUAcReV9Svqes2M9xCKQSoV6VGg2,https://x.com/_pixellare
Shinzo Noda,tz1gPmPGMU6LYc11vbYMaicDuSfeQ2yQdeTZ,https://x.com/shinzonoda
elfilter,tz1g4QrfaHAmhqbidK3KqtY6eDS8g2AtXt9V,https://x.com/elfilter_a
pocobelli,tz1dE8pcmVeB54dESiJVgyjrMeLaSP7PfMgD,https://x.com/pocobelli
KazuhiroAihara,tz1ewZNAR9TGrs6X32nRpAcHxcBPxhpq8rht,https://x.com/kazuhiroaihara
michi_asu ,tz2B7xg8n1jTBMKAZRFUB5mPi8D2jPKaKWTX,https://x.com/michi_asu
Stephane PRUVOT,tz1Ytx6WqrHoe4bKs2UUm2RaEgj8ZXrnDBRe,https://x.com/StDinosaurus
annaXmachina,tz1P52JV8zXxapGL7z3t7Wzyf7gcAiJuAkJe,https://x.com/annaxmalina
Serezha,tz1MEdMRZHiMju7qcCRcirusep4UtwnWiaRn,
davidvnun,tz1hAPbbZeDqqVESYbP2yPTSF9WEtXDXdwH7,https://x.com/davidvnun
LEGIO_X,tz1Kpj6cnuUBazmZHysFuZCVJpfDFozfpxZq,
sumeyrayucee,tz1TQLTrasjakNNfkKQMZs6BAuw1h3mefkC2,https://x.com/sumeyrayucee
ABOSCH,tz1Sqhrj49cW9aTuwQrDa4mycnA7n5dDd7rF,
BABY LON,tz2HSirYjzuNQhEUMwrG5muMANj3qfyVHQxS,https://x.com/BBBABY_LON
uuuuuuuuuuuuuu,tz2NbBabMUS9kjJuSGdbiT3gmcnYyUv8ph9U,
roccano,tz1Tah1re1vvUpNVEm7rMdorva2ENFp8dSWS,https://x.com/rocc_ano
MOTE.MT,tz1aKy7LohGxUyvBuMDPHc4eewATdshYQGMe,https://x.com/MOTEMT3
Malpractice,tz1XB2NeedDRBRbGQrns32NDiLFXNQzHuJsw,
Micah Alhadeff,tz1NpccYR5DZ1fEUUjD1dqUbYkcV9RHBF28J,https://x.com/Micah_Alhadeff
Element Lee,tz1cMaczNPh1Cxoy64kkytsAyxPPY9F7RGd5,https://x.com/Element_Lee
Balaclava System,tz1P6TUQPtcaV3C1DF2xsudpgrJfs6D73img,https://x.com/balaclavasystem
La Delmas,tz1YtceaYpK5zyqmhX7pdLaPgUmCMCtG4Ypn,https://x.com/la_delmas
Anika Meier,tz1RbiEYquV82t1nj6Y3nLH7REDtzkgWvqAq,https://x.com/postanika
ex_mortal_,tz1ZJvqkCy4cVfgk3FP7shjsNcfmwYVpzTRG,https://x.com/ex_mortal_
Nonceptualism,tz2JPVuwvUZyq1LyFwNz2ghXbJ62pQ1rd9f2,https://x.com/nonceptualism
kutukola,tz1L6mQW5Wd9qXpUzMm3yZWQ74M1TvEu8XB6,https://x.com/kutukola94
ooakosimo,tz1VM4G2AWMBPU1krcqpLupH91Nka2vwS7Mu,https://x.com/OoakosiM
quase,tz1MkwWKAeZ5tFEUqDVJZwjY3G2h9kDBaUEY,https://x.com/quaseobjeto
uczine,tz1ix8Rx1nCgUCcb1jdNrAtmjHXRwippV2Yd,https://x.com/uczine
Kyle Flemmer,tz1cUv4ntPrRanKy4qZCWG2vaCG69PHrFGMS,https://x.com/WildMissingNos
Xenia Meierson,tz2FHPn1u6wmNnit8MVnfzof4hBjaTA6AGK5,https://x.com/XeniaMeiersonXO
kenconsumer,tz1eDrzMfW4CK3d9vvU3VNz2AsKDptF6wd2D,https://x.com/KenconsumerE
Wasteman Goldmineovich,tz1SCPvCDWNEZvAxS2RpoaCz4NMesUb9QoUp,https://x.com/nftbargainbin
Mario Klingemann,tz1hb9PiWxQEf6J9xevPsUM6dkuCLnhDMvsp,https://x.com/quasimondo
diewiththemostlikes,tz1LoS9bZpbEHRztqXTfbCvqXCKPAdGYLEUq,https://x.com/toadswiback
lilyillo,tz1UdWdDakMnzDpTLtTsVKDhnvjF59heZT1k,https://x.com/lilyillo
ed marola,tz1imemQazci8bfdN2k5xV51oU7LQPWvA2DK,https://x.com/eduardopolitzer
Yuran Yakon,tz1PgvHMDs9mUdsst88LfxPgJhx9NES9wU2w,https://x.com/YuranYakon
aem,tz1Y5ukkwi6ADLNjDyBGXpVTx488LTL6q1pi,https://x.com/Empatia17
Von Doyle,tz1SmSqHY1nfy4Wyw9igVow4okezFB4ztXG2,https://x.com/vondoyl
Elout de Kok,tz1gmu6JWBtVempivULkthcWT3hgXjtHz2xT,https://x.com/elout01
Oblivion Fields,tz1SfY8npU2WVf38MzjGz3gApfs7VzvvkSzy,https://x.com/oblivion_fields
ClownVamp,tz1M4Ebfg4pwyQc9FKGVufXdvctfVemZTTyg,https://x.com/clownvamp
emikusano,tz2UmcgeoAqCqvM1kFoBBw2WeyQaN9yX15Lk,https://x.com/emikusano
skohr,tz1UJth629hNNwxkWWhVsvS6KhLG9xgWKSbV,https://x.com/Sko_hr
KHC,tz1V6f3bXuZV6Qu8MPJHZgdHkt4w1UVuEqrG,https://x.com/KurtHustle97
The Myth,tz1TiWU3EHwzg17XqwhswaAmgEBXWF5hTNdR,
Spøgelsesmaskinen,tz1fnrNZjMZgkuaHXFgvodk3N1TuXcvcaFgB,https://x.com/spogelsemaskine
Kerim Safa,tz1KjuVj6gJXmUeTVz2GyThsGMVSvhMZY3UZ,https://x.com/kerimsafa
KING XEROX,tz2R8K4rpq5rDRhTzkFY9NZ7vjwUYg6V8PEZ,https://x.com/kingxerox5
bluretina,tz2MpkotWXmCCqsvTTgsFaqfLM5ixvCNdtPt,https://x.com/bluretina
SIMULACRO,tz1QR6GtfuzmyCiueZ52JuipuBBpE6f7seUj,
Petra,tz1cSxrvsct9FC33dCMwQGQkcwwHirHV1DzX,https://x.com/LuisBetx9
Yuri_jjjj_jjjj,tz1ZTb195JgjRyM6m7s4aWCuMiBycnEzW3mV,https://x.com/Yuri_jjjj
Xu0xo,tz1aN4H7n9AWCcAAZaHeuzHPFRMXRdjgTzD9,https://x.com/xo_xu0
Musty,tz2NEsN35999wRvnZe9MtfbXSdsbxMHh85uT,https://x.com/mstyarts
Addie Wagenknecht,tz1XUBwcwDpwZNiJYWb7VDzRHYpNYJk9yKxR,
bitebybit,tz1dGQhcncBts2eEGpg5KRWVfQBh98NNQdpE,https://x.com/bitebybit
l__lll__l_l_,tz1dAVKwbGe1PVnPBkRZYmYFsecDtTLHjHLK,https://x.com/llllll__lllllll
People of Tezos,tz2XDF3MKMsGoH7sFBrHxVqYNHvoGjKocrCj,https://x.com/Pierreo01
Zanardi,tz2RXnU84WXJVCSzoyjkJRAA352y3WxxgeXh,https://x.com/ZanardiDraw
Daria Rastunina,tz2X5Mtyd8LNcyEZFNRcXwoKT8qs1avguqc7,https://x.com/Daria_Rastunina
Zisis Bliatkas,tz1SS8bXLZjaXvswE8KVsWWtSYsMf1mXxqXu,https://x.com/ZBliatkas
Salawaki,tz1Y8Pzjd6QuwwS9qREaKr1hvW4KMG2mtHNd,https://x.com/salawaki_3000
ileigh,tz2NMQ5h9dFtwLns3AoepaH9sLbbaxUQFHpa,https://x.com/a_ileigh
Jonas Lund,tz1f7XrzaQWZTfGp2qspEyyWokUKXsheUaPi,https://x.com/jonas_lund
UBERMORGEN,tz2EW1Vb9oB7ApYuMEfqZ8AaE7nTSuWVwVpR,https://x.com/UBERMORGEN_COM
RJ,tz1TFScVx3NGnjcuwCxYiHeD1Am6jCHcojK8,https://x.com/RJ16848519
Jakestudyos,tz1ZyDMUpPj6eYT1JBJzKSCJgJzPwNqpggCa,https://x.com/jakestudyos
IvnHgo_,tz1YdTFzsg6MKAyJSPLkDTKVh2LQbM3TE4xG,https://x.com/ivnhgo
Presidente de Internet,tz1ioJXpGeDXxZCPn5xzK1atuZbNc46KyYMA,https://x.com/PteDeInternet
CEZXR,tz1UkhruzJ4p8Af6QMAdK8bZ4oxPPsht27en,https://x.com/JPCezarx
ROBNESS_V2,tz1a8dWf9tjUgVtTQcxjVUxdspp8EUfs5ZJJ,https://x.com/ROBNESSOFFICIAL
nuv1914,tz2QrdpoDnE9epLMfGCsDGYH8rfNJ7zyxpjy,
guruguruhyena,tz2QhmKtUWRyArfaqfBedvVdidgKpCcckMXV,https://x.com/guruguruhyena
rudxane,tz1YHsinBJHMj1YFN7UrCsVAgTcaJCH86PjK,https://x.com/rudxane1
nofaithvisuals,tz1LYKfuECrKjCs98FFwkaFd58qYRjzGAMDE,https://x.com/no_faith_left
Frank Manzano ,tz1Pw74MfNeDpVbvtBro9RViS2zi5MDVDiD4,
Anna_Malina,tz1RXX6uAGeSmXgMgVCz9WPsrUaMf9M6jntz,https://x.com/annaxmalina
｡ₓˑ༺ʚ♡ Violet Forest ♡ɞ༻ˑₓ｡,tz1YMqQQme7jcERyk2586QDT9fqWGCz9L2fQ,https://x.com/violet_forest
Curio Fringe,tz1fwUoAY4h331VNWgR3ZwSeJxXtvy9wWzq7,https://x.com/CurioFringe
Shojiro Nakaoka,tz1imHhTHaXH2RuscovgZp7xjbko3Y4oUjU5,https://x.com/shojironakaoka
📌🥩,tz1UPVmZ1qQ3QiYQ4GoTguQBA21yfS54a4MX,
bosquegracias,tz1Ukp188yBFu4NBgkELqqnUSXa9g1K4q1Xa,https://x.com/BosqueGracias
Sasha Katz,tz1ekugpAkZB8DvC2bkumV5og4DMCmjwJkGz,https://x.com/wonderkatzi
Nicola Villa,tz2HtjNviYRWdzngp1x7scQTQEXXxkTyfG5D,https://x.com/nicolavilla5
Leviathxx,tz1VrcyUyo2aNQ9NGHGnbCBS7HGqJgaoNxN2,https://x.com/Leviathxx
,tz1efcfVREqXrncZbtVQYi6TERoeCmeGYCoc,
Tai Mei,tz1LYcURpgZx9pnfUngiu1E6HMVUjvwSvDq7,https://x.com/taimei_886
0009,tz1U49poeoYHDNtx7KhkHmp8hqXt1j9fBWwr,https://x.com/0009ine
OLGA FEDOROVA,tz1ho6xJujy63XdGqCmEze2vafFSv85Jt6ka,https://x.com/olgafedorova112
Ad1,tz1KqzBPfhoTquknvyWSsHQ3PX5VDaoYMqq7,https://x.com/oohgaga_
Pierre Gervois,tz1VK8SfhAkQ9QdFH9EixsQNmUqi9GF5iJR9,https://x.com/pgervois
Murakit,tz1gco4NpGMANYj3BLHbWuqFEXwwgnD6XtGb,
NicholasDietrich,tz1aBP5KmxBuHzYVGz1dcxQGHoaeJrnuGSdT,https://x.com/nietrich
time,tz1PwqkrfqAgaJ2iSM3SqxwCBs61UoC2H8gA,https://x.com/ttiimmees
enigmatriz,tz1dAU7TWwosvt7J1Xw1pcuKUxH9Getn7rFb,https://x.com/enigmatriz
- Dana Svetliza - ,tz1ftfaCgUFiVcMpxqD5wNPi9poy5J2tkfS7,https://x.com/SvetlizaDana
OK digital,tz1MU2hXDQa8X58Zyn6hdS51A18nXYDww2qq,
tkz כֶּשֶׁף,tz1NfU86mDijR5C1U2WAitJJTbbnCxmnr9Bd,https://x.com/tuukzs
Riniifish,tz1RA9YvCwp41gidkVJPjcExFeeGMqmqqLpq,https://x.com/riniifish
hAyDiRoKeT,tz1Wn4Wc6d6jieFpj2DJaNEC7HXcwKexW2By,https://x.com/haydiroket
Robinson St. George,tz1XVzNus9Qd4PJpccGVPuyFeW9sF9rR3dyN,https://x.com/rbnsnstgrg
Juanna Pedro,tz1SA9SwwFjPDtF6HkZvEovfNPAwbQQx7nkj,https://x.com/PedroJuanna
aitso,tz1grVUuYi6NiVpRTMu4Ujja1XdtcbuUAcqK,https://x.com/aitsolabs
Richard Nadler,tz1Pu8zRmNghAHzWxsT9Cy2qXHxkCrHcB3vc,https://x.com/RichardNadler1
Frank Dietrich,tz29UHCdh5T2RWbWh5xRWrqDZwKAjzBAuWnV,https://x.com/TeleCulture
yosai the empty,tz2CJwejuXyzFXwc61y7EeWPy1UdUogQuLqz,https://x.com/RatCloak
Empress Trash,tz1YbJAyfmSwqLbLwCrUTfEMeLgCncM9jj3z,https://x.com/Empresstrash
Kiszkiloszki,tz1gwmdJruRtdLsL3jwxaSSLD3p9hp2waXU1,https://x.com/kiszkiloszki
deborahelena___,tz1YMTxTevLgMftbRBprNxKh1LSzCh6euG5Z,https://x.com/auniseiva
littlecakes,tz1PjiLw8JQf2DCY4TacbVgrjR3EvkpTBnab,https://x.com/evrythngissoft
KappaSage,tz2GgScZ9AhCvsYDiuDtcJREzQWMLVPArDx9,https://x.com/kappasage
Sky Goodman,tz1UiA3Nkg2Ugy2BPqorU7V5LPwCukK5wZd3,
canekzapata,tz1VHekC8LCYMXhkByM6p71RZQGdMweyUdaw,https://x.com/canekzapata
Lorna Mills,tz1hqXAC9Avj3jQtHD1Wh9WL7YF9mRSD3qsq,https://x.com/lm_netwebs
3a5a1a,tz1eQzGZXy36xx6xDT1Xp6dUdHS2dXowKdCq,https://x.com/3a5a1a
Jess Mac ,tz1M6X3CcKLArzvgy5Cq1rap5WLzauG7MAsn,
Greg Nikshumika,tz1g9jiDLMcadVEfMxMhToUWNB6hvMcMsFKY,https://x.com/GregNikshumika
macrogmittrei,tz1akpnWQN3sfgPpueFNmKoomPWEq3VEFa8Y,https://x.com/macrogmittrei
Basqkek,tz1LPSCtqnunMN43DPv8iPj73tsQetahBiFT,https://x.com/BasqKek
marginalia,tz1SQ74mTzGVDNQSBewnLLb8VsDK6gQrgyzT,https://x.com/sabatobox
Ilya Bliznets,tz2Sj1qm1HS4BeB5gMPKt7NncqPubHmBfcmF,https://x.com/ilyabliznets
Yuran Yakon YY,tz1RcEWSuGbhhegdj9eKTJpAVAzFmGwd4LbF,https://x.com/YuranYakon
Domino ,tz2Cync3RQ8eZv5NNyadxSrTRKfx6ZsPWzFe,https://x.com/dominoart11
Estelle Flores,tz1VDrHAnLxLH8JrWAKkZhJjyaqqR3qsbhUQ,https://x.com/estelle_flores_
RusticDigitalArt,tz1Nm1dwJbF3ihsmHFDLoUQtcKSU4vfT36K1,https://x.com/RusticDigitArt
Paulwhoisaghost,tz1cgZ6PWKoER3gvW3jGKPHgBkRnpj8XzLm2,https://x.com/_transparentart
Zennyan,tz1ZMPadtYce1wd4h9n7U1NvbmZoe8GkG7Xt,
Georg_Eckmayr,tz1W6xkbTq8LVoP9F3Dceeo9ApWHEARyRWz3,https://x.com/Georg_Eckmayr
,tz1VsyX87AC4pmWggofU9vjBhfr8kssmrL23,
martnbruc,tz1MjyPLFxqxrPk6HY1xSj35AAt8kBe51zZE,https://x.com/martnbruc
KaCe,tz1hoGJmzG7y7UK3dBZ35hmvvWAM7gZTLDPn,https://x.com/kacexel
cari ann shim sham*,tz1PbWMfZhLaH71Rhqx7f8k6SaST6ypja6Sy,
woc,tz1SkytQuMay5EAuKCUFR3j3UU395PY3hvSM,https://x.com/woc_one
ris,tz1bmPatnVaBa8brRzQ15i4vWzcBtdwJAkbn,https://x.com/riiiiiiiiss
Casshern,tz1RfsDg24K5evb5CjrVMfEEqwLrakuhmugW,https://x.com/shingo1986
julian_hespenheide,tz1UbgXkHfM5Wvk4UDiwAZgHycPjL9mkh99Z,https://x.com/julihespenheide
iamafreedom,tz28ZZofgGa9jLDXLPjxvX5aBJKpQSRxhTgN,https://x.com/iamafreedom
MEK.txt,tz2W3nHza52fLGAizWGksUzgDNPNxmN4XVVz,https://x.com/michaelmicasso
Sabato,tz1U8x9dUtdv4mtLUvaukpMNVi1wvNxr1gy2,https://x.com/sabatobox
albertine,tz1Wbtu9aCds2XxfWzm6iHFNAEBMGpmDyC8Q,https://x.com/albertinmeunier
Elna Frederick,tz1KnV2zdFPtgRNdrDkAPaguDwXmvDpS2yKF,https://x.com/elna_frederick
klaus,tz1XVuGVkA6KZk6GsaYpCuX5Ap1QcS256oJb,https://x.com/klazmandoo
MASHINE,tz1SBgHqhTysCKyvF1C6q29zS7h5CFe6W61G,
Gregorio Zanardi (old account),tz1fTm57FF2H2j2UTFu41SQvm2xWDgtqFmWc,https://x.com/GregorioZanard
shigarov,tz1Px2HXd29fVQSq4TYuG9Qk3ACeW742MH4G,https://x.com/shigar0v
Yuri_jjjj,tz1NkDtLboBk6gYG2jUyLmKcQHxzDDiSU3Kn,https://x.com/Yuri_jjjj
danctrl,tz2XJQUp2BafezwYSfJCHUVpxmMcqZTdRsBu,https://x.com/daniloxhema
Boris Eldagsen,tz1d5T8fLEASUUv3kH7aJHd3yUqFB3mD2bV8,https://x.com/BorisEldagsen
Skye Nicolas,tz1Ysp9rnqoS2dGJvHVqiG3keJFZGt5Hnwrb,https://x.com/skyenicolas
Ganbrood,tz1eZ8amacCvSQsFM8wampwWXJFWsmGVRQFd,https://x.com/ganbrood
punk,tz1ZCjQqDzVDyaEtkmTLgNCUv7doEPAmLJST,https://x.com/llllll__lllllll
,tz1dG6QYFemDffchx1LXioUW8j3SM3KwqcTi,
Alex May,tz1g5qdZHShy316exiEaxHhBv3vdqwnPVCNB,https://x.com/alexmayarts
mrkdrf,tz1f6fJUNyKiFaHg5VPfytWnxHM4z9GYcrQp,https://x.com/mrkdrf
nathanielstern,tz1avKxgBtiW75fnKGPgrvVB5S3oxGDB1zPV,https://x.com/nathanielstern
skomra,tz1RX9GWY9mUToTdcanKy6rgLc4TsgnqUYUt,https://x.com/skomra
Ozge Gulbakan,tz1dbtisMzFm9GTqPofzugDLk89u5WgkVCu7,https://x.com/gulbakanozge
nikita,tz1fiVZ49LPVwQP8z5AuTe9gKdD2CagcLL9M,https://x.com/nikitapanin
Clement Valla,tz1dC86JQnRoi98YepHbsgu4J9VxzubPQVrd,https://x.com/clmntvalla
no hygiene,tz1QvewiYVtdPHbnHAzWXCM5L8tevnbjdGD4,https://x.com/no_hygiene
ROBNESS_V2,tz1hjCbJceN27ULNMCUCzA4AjyFC5FpGcpQD,https://x.com/ROBNESSOFFICIAL
YYYYY,tz1hDUCJc9uJvuUScpx8kRFjQkr7KVNwJSAt,https://x.com/iiggrreecc
FEELS,tz1hGGhfCvHya1aehdFe8mDbXdogwz8BrwN9,https://x.com/FEELSxart
MinaTk,tz1fFt2gM8j5ucEas7mDPmCJpiPTU6ypGWWy,https://x.com/MinaTahmasb
IdjaSaund,tz1Qng9VMTZxZLTyUZ3ALLoyqmCedsykX2VF,https://x.com/idjasaund
humdrum,tz1Wf1QtjT7h6wyDjfBCyhxtVb3tk5D9ZxXP,https://x.com/777humdrum777
Graphica,tz1VTbecCSMj3P44i1PwMAPrKyGxLmcMdHnu,https://x.com/GraphicaPng
Kika Nicolela,tz1bqhA5Q2o9fRdToVwi6o7oeq9sBvjAmjjG,https://x.com/kikanicolela
TOCA ME,tz1ZhimgHgutqRAy229UuadFCnYCtybjrJpL,https://x.com/tocame_munich
Marine Bléhaut,tz1S1c4k9xs5sNmDd2r42PtEx32YMwLrq747,https://x.com/m_blehaut
Dina Chang,tz1hGuoSWckkHRWEZg8EPgBZxseNx9CTStbr,https://x.com/thedinachang
trapers,tz1cryT3vMnZvHiyx8xPpWFVSt83qZ8mdGBK,https://x.com/trapers_net
Devilsx666,tz1h1sC7E7LhcKxX7TZPNZxfK9tgqKgfsn5H,https://x.com/devilsx666
Anna Malina,tz1Up3Uyj6PR3AkdsaXouhhetS3VdaTkW2Ro,https://x.com/annaxmalina
OONA,tz1Xbo6SJnN7fAcUesjfQ7zVeNNNf8vPzKUM,https://x.com/madebyoona
tamikothiel,tz1fqPDYjMxfA9ecj6b4wvKgArENZw1eJePK,
Stalomir,tz1cr9EWtp1DiNJ3k7U4eXwFZu9y5EeigvSd,https://x.com/Stalomir
gifstudies,tz1bNw3Re9L1YUVUiaqCUpMUHZV9bKnEXaAS,https://x.com/uzupismuc
schwittlick,tz1c3hFmjFSwunjLHECnYyjr42KRt5YiHrGX,https://x.com/schwittlick_
Causa sui,tz1aJwMSziD6hZkDpc8PziTvyfgngrBRSBvi,https://x.com/__causasui
uzupis,tz1Us5nxpKEEAFC4wprd48T8uv1NKvwDK3S6,https://x.com/uzupismuc
Jukkai,tz1TYhsBto2qA2whHrUgLSR6jKZnA7KXNkPA,https://x.com/jukhau
